SMILES,DATABASE,CLASS
O=[N+]([O-])C(Cl)(Cl)Cl,OpenFoodTox,Safe
C=C(C)C1CC=C(C)CC1,OpenFoodTox,Safe
n1c[nH]nc1N,OpenFoodTox,Safe
O=C(O)C(=O)O,OpenFoodTox,Safe
CSSC,OpenFoodTox,Safe
O=C(O)COc1nc(F)c(c(N)c1Cl)Cl,OpenFoodTox,Safe
O=C(OCCC)NCCCN(C)C,OpenFoodTox,Safe
O=S(=O)(c1ncc(Cl)s1)CCC(F)=C(F)F,OpenFoodTox,Safe
N#Cc1c(c(C#N)c(c(c1Cl)Cl)Cl)Cl,OpenFoodTox,Safe
O=C(c1ccc(cc1[N+](=O)[O-])S(=O)(=O)C)C2C(=O)CCCC2(=O),OpenFoodTox,Safe
O=C1C=CC(=O)NN1,OpenFoodTox,Safe
n1cnn2c1nc(c(c2(N))CCCCCCCC)CC,OpenFoodTox,Safe
O1C(OC(OC(OC1C)C)C)C,OpenFoodTox,Safe
O=C(NS(=O)(=O)c1ccccc1(OC(F)(F)F))N2N=C(OC)N(C2(=O))C,OpenFoodTox,Safe
O=C(NC)N(c1nnc(C(C)(C)C)s1)C,OpenFoodTox,Safe
O=C1C(=C(O)CC(C1)C2CCCSC2)C(=NOCC)CCC,OpenFoodTox,Safe
O=C(N)P(=O)(O)OCC,OpenFoodTox,Safe
O=C(c1c(OC)c(OC)c(OC)cc1C)c2c(OC)ccc(c2C)Br,OpenFoodTox,Safe
O=C1N=C(N(C(=O)N1C2CCCCC2)C)N(C)C,OpenFoodTox,Safe
C[N+]1(C)(CCCCC1),OpenFoodTox,Safe
O=C(Nc1ccc(c(c1)Cl)Cl)N(C)C,OpenFoodTox,Safe
O1C(C)CN(CC1C)CC(C)Cc2ccc(cc2)C(C)(C)C,OpenFoodTox,Safe
O=C(N(C(C)C)C(C)C)SCC(=C(Cl)Cl)Cl,OpenFoodTox,Safe
O=S(=O)(NC(O)=Nc1nc(OC)cc(n1)OC)N(C)S(=O)(=O)C,OpenFoodTox,Safe
O=C1N(C(=O)C2CC=CCC12)SC(Cl)(Cl)Cl,OpenFoodTox,Safe
N(C(=S)S)CC(NC(=S)S)C,OpenFoodTox,Safe
O=C(O)CCC(=O)NN(C)C,OpenFoodTox,Safe
O=S(=O)(C1=NOC(C)(C)C1)Cc2c(OC(F)F)n(nc2C(F)(F)F)C,OpenFoodTox,Safe
O=C(OC(C)C)NC(C(=O)NC(c2nc1ccc(F)cc1s2)C)C(C)C,OpenFoodTox,Safe
O(c1c(cc(cc1Cl)C)Cl)P(OC)(OC)=S,OpenFoodTox,Safe
O=[N+]([O-])c1ccccc1(O),OpenFoodTox,Safe
Fc1cccc(F)c1COCC3(ON=C(c2c(ccs2)C)C3)(C),OpenFoodTox,Safe
O=CNC(N1CCN(CC1)C(NC=O)C(Cl)(Cl)Cl)C(Cl)(Cl)Cl,OpenFoodTox,Safe
OC(Cc1ccccc1Cl)(CN2NC=NC2=S)C3(CC3)Cl,OpenFoodTox,Safe
O=C(OC1=C(C(=O)N2N1CCOCC2)c3c(cc(cc3CC)C)CC)C(C)(C)C,OpenFoodTox,Safe
O=C(O)c1nc(nc(N)c1Cl)C2CC2,OpenFoodTox,Safe
O=Cc1occc1,OpenFoodTox,Safe
n1c3ccccc3([nH]c1c2occc2),OpenFoodTox,Safe
Fc2ccc(N=C(O)c1cn(nc1C(F)F)C)c(c2)c3ccc(c(c3)Cl)Cl,OpenFoodTox,Safe
O=C(O)Cc2cccc1ccccc12,OpenFoodTox,Safe
O=C(O)C(N)CCP(=O)(O)C,OpenFoodTox,Safe
N#Cc1c[nH]cc1c3cccc2OC(F)(F)Oc23,OpenFoodTox,Safe
O=[N+]([O-])c1cc(c(N)c(c1N(CCC)CCC)[N+](=O)[O-])C(F)(F)F,OpenFoodTox,Safe
O=C(OC(C(=O)OCC)C)c2cc(Oc1ccc(cc1Cl)C(F)(F)F)ccc2[N+](=O)[O-],OpenFoodTox,Safe
FC(c1nc(nc(n1)NC3c2cc(ccc2CC3(C))C)N)C,OpenFoodTox,Safe
O=C(NC(C(=O)CCl)(C)CC)c1cc(c(c(c1)Cl)C)Cl,OpenFoodTox,Safe
N#CC(=NOC)C(=O)NC(=O)NCC,OpenFoodTox,Safe
O=C(NC(C)(C)C)N1N=C(N(N)C1(=O))C(C)C,OpenFoodTox,Safe
O=C(OC)c2c(nc(c(C1=NCCS1)c2CC(C)C)C(F)(F)F)C(F)F,OpenFoodTox,Safe
O=C(OCC)NCCOc2ccc(Oc1ccccc1)cc2,OpenFoodTox,Safe
c1cc[n+]3c(c1)c2cccc[n+]2CC3,OpenFoodTox,Safe
O=C(OCC)C(Cc1cc(c(F)cc1Cl)N2N=C(N(C2(=O))C(F)F)C)Cl,OpenFoodTox,Safe
O=C1C=C(ON1)C,OpenFoodTox,Safe
FC(F)(F)Oc2cc(c(N=C(O)c1c(nc(C)s1)C(F)(F)F)c(c2)Br)Br,OpenFoodTox,Safe
O=C(O)C1CC(=O)C(C(=O)C1)=C(O)CC,OpenFoodTox,Safe
O=C(Oc1cc(nnc1c2ccccc2)Cl)SCCCCCCCC,OpenFoodTox,Safe
O=C(OC)c1c(c(c(C(=O)OC)c(c1Cl)Cl)Cl)Cl,OpenFoodTox,Safe
O=C1C4=C(C(=O)N1c3cc2c(OCC(=O)N2CC#C)cc3(F))CCCC4,OpenFoodTox,Safe
O=C(Nc1nc(nc(n1)C)OC)NS(=O)(=O)c2ccccc2Cl,OpenFoodTox,Safe
O=C(O)c3c(Oc1nc(OC)cc(n1)OC)cccc3(Oc2nc(OC)cc(n2)OC),OpenFoodTox,Safe
O=C(n1cncc1)N(CCOc2c(cc(cc2Cl)Cl)Cl)CCC,OpenFoodTox,Safe
N#CC2=C(C#N)SC=1C(=O)c3ccccc3(C(=O)C=1S2),OpenFoodTox,Safe
O=C(OCC)C2=NN(c1ccc(cc1Cl)Cl)C(C(=O)OCC)(C)C2,OpenFoodTox,Safe
N#CC(Nc1nc(nc(n1)Cl)NCC)(C)C,OpenFoodTox,Safe
O=C(O)c1n[nH]c(c1)C(F)(F)F,OpenFoodTox,Safe
O=C(c2cccc1nnsc12)SC,OpenFoodTox,Safe
O=C(NC(=NOCC1CC1)c2c(F)c(F)ccc2C(F)(F)F)Cc3ccccc3,OpenFoodTox,Safe
O=C(c1ccc(c(c1Cl)COCC(F)(F)F)S(=O)(=O)C)C2C(=O)CCCC2(=O),OpenFoodTox,Safe
O=C(N(CC)CC)SCc1ccc(cc1)Cl,OpenFoodTox,Safe
O=C(OC)NS(=O)(=O)c1ccc(N)cc1,OpenFoodTox,Safe
O=C(O)C(O)C,OpenFoodTox,Safe
O=C1NC(=C(C(=O)N1C(C)CC)Br)C,OpenFoodTox,Safe
O=[N+]2[N-]C(=Nc1ccc(cc12)Cl)n3cncc3,OpenFoodTox,Safe
O=C(OC)CSc3cc(N=C1N2N(C(=O)S1)CCCC2)c(F)cc3Cl,OpenFoodTox,Safe
O=C(Nc1ccc(O)c(c1Cl)Cl)C2(C)(CCCCC2),OpenFoodTox,Safe
O=S(=O)(c1ncn(n1)S(=O)(=O)N(C)C)n3c2cc(F)ccc2c(c3C)Br,OpenFoodTox,Safe
O=S(=O)(NC(O)=Nc1nc(OC)cc(n1)OC)c3c(nc2ccccn23)Cl,OpenFoodTox,Safe
O=C1C(=C(N)C=NN1c2ccccc2)Cl,OpenFoodTox,Safe
O=C(NC(C(=O)c1ccc(OC(C)C)cc1C)(C)C)c2c(ccs2)C,OpenFoodTox,Safe
O=C(O)c1nc(ccc1Cl)Cl,OpenFoodTox,Safe
O=C(OC)C(N(C(=O)COC)c1c(cccc1C)C)C,OpenFoodTox,Safe
N#Cc1cc(c(OC(=O)CCCCCC)c(c1)Br)Br,OpenFoodTox,Safe
O=C(c1nc(nc(n1)OC)OC)c2cccc(F)c2N(C)S(=O)(=O)C(F)F,OpenFoodTox,Safe
O=C2C(c1cccc(c1)C(F)(F)F)=C(OC2c3ccccc3)NC,OpenFoodTox,Safe
O=C1OC(=NN1c2cc(OC(C)C)c(cc2Cl)Cl)C(C)(C)C,OpenFoodTox,Safe
O=C(OCC1OCCC1)C(Oc4ccc(Oc2nc3ccc(cc3(nc2))Cl)cc4)C,OpenFoodTox,Safe
O=C(Nc1ccccc1)Nc2cnns2,OpenFoodTox,Safe
O=C1C(=C(O)CC(C1)C2CCCSC2)C(=NOCC(Oc3ccc(cc3)Cl)C)CCC,OpenFoodTox,Safe
O=C(NC(=O)c1c(F)cccc1(F))Nc2cc(cc(c2Cl)C(F)(F)F)C(F)(F)F,OpenFoodTox,Safe
O=C(OC1=C(C(=O)NC12(CCC(OC)CC2))c3cc(ccc3C)C)OCC,OpenFoodTox,Safe
O=C(O)c3ccccc3(C(=O)Nc2cccc1ccccc12),OpenFoodTox,Safe
OC(C(Oc1ccc(cc1)c2ccccc2)n3ncnc3)C(C)(C)C,OpenFoodTox,Safe
Fc1cccc(F)c1C3=NC(c2ccc(cc2(OCC))C(C)(C)C)CO3,OpenFoodTox,Safe
N#CC(=C2N(c1ccccc1(OC))CCS2)Sc3cc(ccc3(F))C(F)(F)F,OpenFoodTox,Safe
N(=CN(C=Nc1ccc(cc1C)C)C)c2ccc(cc2C)C,OpenFoodTox,Safe
O=S(=O)(Nc1nc2c(OC)cnc(OC)n2(n1))c3c(OCC(F)F)cccc3C(F)(F)F,OpenFoodTox,Safe
O=C(Nc1ccsc1C(C)CC(C)C)c2cn(nc2C(F)(F)F)C,OpenFoodTox,Safe
O=C(O)COc1ccc(cc1Cl)Cl,OpenFoodTox,Safe
O=C(OC)c1cccc(c1S(=O)(=O)NC(=O)Nc2nc(nc(n2)N(C)C)OCC(F)(F)F)C,OpenFoodTox,Safe
O=[N+]([O-])c1cc(c(N)c(c1)Cl)Cl,US-EPA_ECOTOX,Safe
O=C(c1cnoc1C2CC2)c3ccc(cc3S(=O)(=O)C)C(F)(F)F,US-EPA_ECOTOX,Safe
O=C1OCC(=C1)N(Cc2cnc(cc2)Cl)CC(F)F,US-EPA_ECOTOX,Safe
N#Cc2nc(c(c1ccc(cc1)C)n2S(=O)(=O)N(C)C)Cl,US-EPA_ECOTOX,Safe
O=[N+]([O-])c2ccc(Oc1ccccc1)c(c2(N))Cl,US-EPA_ECOTOX,Safe
O=C(C=C(c1ccc(cc1)Cl)c2ccc(OC)c(OC)c2)N3CCOCC3,US-EPA_ECOTOX,Safe
O=C(c1c(ncc(c1C)Cl)OC)c2c(OC)c(OC)c(OC)cc2C,US-EPA_ECOTOX,Safe
O=C(OCc1ccccc1)c2nc(c(F)c(N)c2Cl)c3ccc(c(OC)c3(F))Cl,US-EPA_ECOTOX,Safe
O=C(Oc1cccc(c1)NC(=O)OC)Nc2cccc(c2)C,US-EPA_ECOTOX,Safe
O=S(=O)(O)N=Nc1ccc(cc1)N(C)C,US-EPA_ECOTOX,Safe
O=C2c4cc(F)ccc4(N=C(n1ncnc1)N2c3ccc(cc3Cl)Cl),US-EPA_ECOTOX,Safe
O=C(N(c1ccc(F)cc1)C(C)C)COc2nnc(C(F)(F)F)s2,US-EPA_ECOTOX,Safe
O=C1OC(=NN1c2ccc(N=C(O)N(C)C)cc2Cl)C(C)(C)C,US-EPA_ECOTOX,Safe
O=C(Nc1ccccc1)C2=C(OCCS2)C,US-EPA_ECOTOX,Safe
n1c(nc(cc1C)C)Nc2ccccc2,US-EPA_ECOTOX,Safe
O=C1C(=C(N)N(C(=O)SCC=C)N1C(C)C)c2ccccc2C,US-EPA_ECOTOX,Safe
O=[N+]([O-])c2cc(c(c(c2(Nc1ncc(cc1Cl)C(F)(F)F))[N+](=O)[O-])Cl)C(F)(F)F,US-EPA_ECOTOX,Safe
O=C(O)c2cccnc2(C1=NC(C(=O)N1)(C)C(C)C),US-EPA_ECOTOX,Safe
O=C1c2ccccc2(NS(=O)(=O)N1C(C)C),US-EPA_ECOTOX,Safe
O=C2N(c1cccc(c1)C(F)(F)F)CC(CCl)C2Cl,US-EPA_ECOTOX,Safe
O=C(OC(C)C)NC(C(=O)NC(c1ccc(cc1)Cl)CC(=O)OC)C(C)C,US-EPA_ECOTOX,Safe
O=C(OCC)C(=Cc1cc(ccc1Cl)N2C(=O)C3=C(C2(=O))CCCC3)Cl,US-EPA_ECOTOX,Safe
O=C(OCOc3c(OC)ccnc3(C(=O)NC1C(=O)OC(C)C(OC(=O)C(C)C)C(C(=O)OC1)Cc2ccccc2))C(C)C,US-EPA_ECOTOX,Safe
OC(c1cncnc1)(c2ccc(cc2)Cl)c3ccccc3Cl,US-EPA_ECOTOX,Safe
O=C(OC)c1csc(c1S(=O)(=O)NC(=O)N2N=C(OC)N(C2(=O))C)C,US-EPA_ECOTOX,Safe
O=C1N(OCC1(C)C)Cc2ccccc2Cl,US-EPA_ECOTOX,Safe
O=C(N4CCC(c1nc(cs1)C3=NOC(c2c(F)cccc2(F))C3)CC4)Cn5nc(cc5C)C(F)(F)F,US-EPA_ECOTOX,Safe
Fc2c(ncnc2(Oc1ccccc1Cl))Oc4ccccc4(C(=NOC)C3=NOCCO3),US-EPA_ECOTOX,Safe
N#CC(C(=O)OCCOC)(C(=O)c1ccccc1C(F)(F)F)c2ccc(cc2)C(C)(C)C,US-EPA_ECOTOX,Safe
O=C(O)CNCP(=O)(O)O,US-EPA_ECOTOX,Safe
O=C2N(c1ccccc1)CSC(=NC(C)(C)C)N2C(C)C,US-EPA_ECOTOX,Safe
O=C(Nc1onc(c1)C(C)(CC)CC)c2c(OC)cccc2(OC),US-EPA_ECOTOX,Safe
O=C1C(=NN=C(N1(N))C)c2ccccc2,US-EPA_ECOTOX,Safe
O=C(O)c1c(OC)c(ccc1Cl)Cl,US-EPA_ECOTOX,Safe
O=S(=O)(Nc1c(ccc(c1Cl)C)Cl)c2nc3nc(OC)cc(OC)n3(n2),US-EPA_ECOTOX,Safe
O=C(OC)c1c(nn(c1S(=O)(=O)NC(=O)Nc2nc(OC)cc(n2)OC)C)Cl,US-EPA_ECOTOX,Safe
O=S(=O)(Nc1c(F)cccc1(F))c2nc3c(F)cnc(OC)n3(n2),US-EPA_ECOTOX,Safe
O=C(Nc1ccc(cc1C)C(F)(C(F)(F)F)C(F)(F)F)c2cccc(c2(C(=O)NC(C)(C)CS(=O)(=O)C))I,US-EPA_ECOTOX,Safe
O=C1OC(C=C)(C(=O)N1c2cc(cc(c2)Cl)Cl)C,US-EPA_ECOTOX,Safe
O=C(N(c1c(cccc1C)C)Cn2nccc2)CCl,US-EPA_ECOTOX,Safe
O=C2C(=C(O)CC(c1c(cc(cc1C)C)C)C2)C(=NOCC)CC,US-EPA_ECOTOX,Safe
FC(F)(F)c2cnc(OCCCOc1c(cc(OCC=C(Cl)Cl)cc1Cl)Cl)cc2,US-EPA_ECOTOX,Safe
O=C(OC)C(=NOC)c1ccccc1COc2ccccc2C,US-EPA_ECOTOX,Safe
O=C(OC)N(OC)c1ccccc1COc2nn(cc2)c3ccc(cc3)Cl,US-EPA_ECOTOX,Safe
O=C(O)c1c2ncc(cc2(ccc1Cl))C,US-EPA_ECOTOX,Safe
O=C(OC)C(=COC)c1ccccc1COc2nc(ccc2)C(F)(F)F,US-EPA_ECOTOX,Safe
O=C(NN(C(=O)c1cc(cc(c1)C)C)C(C)(C)C)c2ccc(cc2)CC,US-EPA_ECOTOX,Safe
O=C(OC(C(=O)OCC=C)(C)C)c1cc(ccc1Cl)N2C(=O)C=C(N(C2(=O))C)C(F)(F)F,US-EPA_ECOTOX,Safe
O=C(c1cnn(c1(O))C)c3ccc(c(C2=NOCC2)c3C)S(=O)(=O)C,US-EPA_ECOTOX,Safe
O=C(NC(=O)c1c(F)cccc1(F))Nc2cc(c(OC(F)(F)C(F)F)c(c2)Cl)Cl,US-EPA_ECOTOX,Safe
N#Cc2ccc(Oc1ccc(OC(C(=O)OCCCC)C)cc1)c(F)c2,US-EPA_ECOTOX,Safe
O=C(Nc1ccc(F)cc1(F))c3cccnc3(Oc2cccc(c2)C(F)(F)F),US-EPA_ECOTOX,Safe
O=C(Nc1nc(OC)cc(n1)OC)NS(=O)(=O)Nc2ccccc2(C(=O)N(C)C),US-EPA_ECOTOX,Safe
O=S(=O)(Oc1ccccc1(OCC))NC(O)=Nc2nc(OC)cc(n2)OC,US-EPA_ECOTOX,Safe
O=C(OC)NC(Nc1ccccc1(NC(NC(=O)OC)=S))=S,US-EPA_ECOTOX,Safe
n1nc3n(c1)c2c(cccc2s3)C,US-EPA_ECOTOX,Safe
N#CCNC(=O)c1cnccc1C(F)(F)F,US-EPA_ECOTOX,Safe
O=C(NC)C(OC)c1ccccc1COc2cc(ccc2C)C,US-EPA_ECOTOX,Safe
n1cnn(c1)CC2(OCC(O2)CCC)c3ccc(cc3Cl)Cl,US-EPA_ECOTOX,Safe
O=C1OC3(C(OC(=O)CC(C)(C)C)=C1c2c(cc(cc2C)C)C)(CCCC3),US-EPA_ECOTOX,Safe
O=C(c1cn(nc1C(F)F)C)N(OC)C(C)Cc2c(cc(cc2Cl)Cl)Cl,US-EPA_ECOTOX,Safe
O=C(OCC)COc1cc(c(F)cc1Cl)c2nn(c(OC(F)F)c2Cl)C,US-EPA_ECOTOX,Safe
O=C(N(C)C)C(c1ccccc1)c2ccccc2,US-EPA_ECOTOX,Safe
N#Cc1c(cccc1Cl)Cl,US-EPA_ECOTOX,Safe
O=C1N(N=C(N1C(F)F)C)c2cc(NS(=O)(=O)C)c(cc2Cl)Cl,US-EPA_ECOTOX,Safe
O=C2NN=C(C)CN2(N=Cc1cnccc1),US-EPA_ECOTOX,Safe
O=S(=O)(N(c1ccc(cc1)C)SC(F)(Cl)Cl)N(C)C,US-EPA_ECOTOX,Safe
O=C(OC1COC1)c2ccccc2S(=O)(=O)NC(=O)Nc3nc(cc(n3)C)C,US-EPA_ECOTOX,Safe
O=C(c1ccc(nc1COCCOC)C(F)(F)F)C=2C(=O)C3CCC(C=2(O))C3,US-EPA_ECOTOX,Safe
O=C(Nc1ccc(cc1)Br)N(OC)C,US-EPA_ECOTOX,Safe
O=C(NN(C(=O)c1cc(cc(c1)C)C)C(C)(C)C)c2cccc(OC)c2C,US-EPA_ECOTOX,Safe
O=C(N(C(c1ccccc1)=C(C)C)CCOCC)CCl,US-EPA_ECOTOX,Safe
O=[N+]([O-])c1ccc(OC)c(O)c1,US-EPA_ECOTOX,Safe
O=C(NCc1ncc(cc1Cl)C(F)(F)F)c2c(cccc2Cl)Cl,US-EPA_ECOTOX,Safe
O=S(=O)(N=C(O)N=C1N=C(N=C(OC)N1)C(F)(F)F)c2ccccc2C(F)(F)F,US-EPA_ECOTOX,Safe
O=C(O)CCCOc1ccc(cc1C)Cl,US-EPA_ECOTOX,Safe
FC(F)(F)c1cnc(c(c1)Cl)CCN=C(O)c2ccccc2C(F)(F)F,US-EPA_ECOTOX,Safe
O=[N+]([O-])c2ccc(Oc1ccc(cc1Cl)C(F)(F)F)cc2(OCC),US-EPA_ECOTOX,Safe
n1c(nc(nc1NC(C)C)SC)NCC,US-EPA_ECOTOX,Safe
O=C(Nc1ccc(cc1)C(C)C)N(C)C,US-EPA_ECOTOX,Safe
n1c(nc(nc1Cl)Cl)Nc2ccccc2Cl,US-EPA_ECOTOX,Safe
FC(F)(F)Oc1ccc(cc1)C(O)(c2cncnc2)C(C)C,US-EPA_ECOTOX,Safe
O=C(O)COc1ccc2ccccc2(c1),US-EPA_ECOTOX,Safe
Fc3ccc(Oc2ccnc1cc(cc(c12)Cl)Cl)cc3,US-EPA_ECOTOX,Safe
O=C(OC(C(=O)NCC)C)Nc1ccccc1,US-EPA_ECOTOX,Safe
O=C(OC=1C(=O)c2ccccc2(C(=O)C=1CCCCCCCCCCCC))C,US-EPA_ECOTOX,Safe
O=S(=O)(Nc1nc2nc(OC)cc(OC)n2(n1))c3c(nccc3C(F)(F)F)OC,US-EPA_ECOTOX,Safe
OC2(C(=Cc1ccc(cc1)Cl)CCC2(C)(C))(Cn3ncnc3),US-EPA_ECOTOX,Safe
O=C(NC1CCCCC1)N3C(=O)SC(c2ccc(cc2)Cl)C3C,US-EPA_ECOTOX,Safe
O=C(O)c1cnc(cc1)Cl,US-EPA_ECOTOX,Safe
O=C2N(c1cc(cc(c1)Cl)Cl)C(=O)C3(C)(CC23(C)),US-EPA_ECOTOX,Safe
O=C(Nc1cccc(OC(C)C)c1)c2ccccc2C(F)(F)F,US-EPA_ECOTOX,Safe
n1c(nc(nc1N)NC2CC2)N,US-EPA_ECOTOX,Safe
O=C1c2cc(ccc2(N=C(OCCC)N1CCC))I,US-EPA_ECOTOX,Safe
O=C(Nc1ccccc1)N(Cc2ccc(cc2)Cl)C3CCCC3,US-EPA_ECOTOX,Safe
O=C(Nc2ccccc2(c1ccc(cc1)Cl))c3cccnc3Cl,US-EPA_ECOTOX,Safe
O=C(c1ccc(cc1Cl)S(=O)(=O)C)C2C(=O)CCCC2(=O),US-EPA_ECOTOX,Safe
O=C(OC)C(=NOC)c1ccccc1CON=C(c2cccc(c2)C(F)(F)F)C,US-EPA_ECOTOX,Safe
Fc2ccc(OC(C(O)=NCc1ccccc1)CC)cc2C(F)(F)F,US-EPA_ECOTOX,Safe
O=C(NCCc1ccc(OCC#C)c(OC)c1)C(OCC#C)c2ccc(cc2)Cl,US-EPA_ECOTOX,Safe
O=C(NC(C)C)N2C(=O)N(c1cc(cc(c1)Cl)Cl)C(=O)C2,US-EPA_ECOTOX,Safe
FC(F)(F)c2cc(Oc1ccc(cc1)Cl)ccc2C(O)(C)Cn3ncnc3,US-EPA_ECOTOX,Safe
O=C(O)c1ccccc1S(=O)(=O)NC(=O)Nc2nc(OC(F)F)cc(n2)OC(F)F,US-EPA_ECOTOX,Safe
Fc2c(C(O)=Nc1ccccc1C(C)CC(C)C)c(nn2C)C,US-EPA_ECOTOX,Safe
O=C(N(c1c(cccc1CC)C)COC(C)C)CCl,US-EPA_ECOTOX,Safe
O=C(Nc1nc(OC)cc(n1)OC)NS(=O)(=O)c2ncccc2S(=O)(=O)CC,US-EPA_ECOTOX,Safe
N#Cc3ccccc3(Oc2ncnc(Oc1ccccc1C(=COC)C(=O)OC)c2),US-EPA_ECOTOX,Safe
O=C(OC(C)C)Nc1ccc(OCC)c(OCC)c1,US-EPA_ECOTOX,Safe
O=C(N)Cc2cccc1ccccc12,US-EPA_ECOTOX,Safe
O=C(OCCOCCCC)COc1nc(c(cc1Cl)Cl)Cl,US-EPA_ECOTOX,Safe
O=C(O)C=2C(=O)C=C(N(C=2(c1ccc(cc1)Cl))CC)C,US-EPA_ECOTOX,Safe
O=C1C=C(N(C(=O)N1c2cc(C(O)=NS(=O)(=O)N(C)C(C)C)c(cc2(F))Cl)C)C(F)(F)F,US-EPA_ECOTOX,Safe
O=C1NC(=C(C(=O)N1C(C)(C)C)Cl)C,US-EPA_ECOTOX,Safe
Fc1ccc(cc1)C3(OC3(c2ccccc2Cl))(Cn4ncnc4),US-EPA_ECOTOX,Safe
O=C(OC)c1ccc(cc1S(=O)(=O)NC(=O)Nc2nc(nc(n2)C)OC)I,US-EPA_ECOTOX,Safe
n1cnn(c1)CC2(OCC(O2)C)c4ccc(Oc3ccc(cc3)Cl)cc4Cl,US-EPA_ECOTOX,Safe
O=C(OC)c1ccccc1S(=O)(=O)NC(=O)N2N=C(OCCC)N(C2(=O))C,US-EPA_ECOTOX,Safe
O=C(N(CC)CC)C(Oc1cccc2ccccc12)C,US-EPA_ECOTOX,Safe
OC(C(Oc1ccc(cc1)Cl)n2ncnc2)C(C)(C)C,US-EPA_ECOTOX,Safe
O=[N+]([O-])c1cc(cc(c1(NC(C)CC))[N+](=O)[O-])C(C)(C)C,US-EPA_ECOTOX,Safe
O=C(O)c2cc3ccccc3(nc2(C1=NC(C(=O)N1)(C)C(C)C)),US-EPA_ECOTOX,Safe
O=C(OC)C(Oc2ccc(Oc1ncc(cc1Cl)C(F)(F)F)cc2)C,US-EPA_ECOTOX,Safe
O=C1C(=C(O)CC(C1)CC(C)SCC)C(=NOCC=CCl)CC,US-EPA_ECOTOX,Safe
O=C(Nc1ccc(F)cc1)c3nc(Oc2cccc(c2)C(F)(F)F)ccc3,US-EPA_ECOTOX,Safe
O=C5OC(CC)CCCC(OC1OC(C)C(N(C)C)CC1)C(C(=O)C6CC4C(CCC3CC(OC2CC(C)C(OC)C(OC)C2(OC))CC34)C6(C5))C,US-EPA_ECOTOX,Toxic
C(=CCl)CCl,US-EPA_ECOTOX,Toxic
O=P(OC)(N)SC,US-EPA_ECOTOX,Toxic
Oc1c(c(c(c(c1Cl)Cl)Cl)Cl)Cl,US-EPA_ECOTOX,Toxic
O=[N+]([O-])N=C(NC)NCc1cnc(Cl)s1,US-EPA_ECOTOX,Toxic
O=C(N(CC(C)C)CC(C)C)SCC,US-EPA_ECOTOX,Toxic
C=C1C(CCl)(CCl)C2(C(C(C1(C2(Cl)Cl)Cl)Cl)Cl)Cl,US-EPA_ECOTOX,Toxic
O=[N+]([O-])c1cc(cc(c1N(CCC)CCCl)[N+](=O)[O-])C(F)(F)F,US-EPA_ECOTOX,Toxic
O=C(OCN1C(=O)N(CC#C)CC1(=O))C2C(C=C(C)C)C2(C)(C),US-EPA_ECOTOX,Toxic
n1c(nc(nc1NC(C)C)NC(C)C)OC,US-EPA_ECOTOX,Toxic
O=C(OC)C=C(OP(=O)(OC)OC)C,US-EPA_ECOTOX,Toxic
O=C(OCc1coc(c1)Cc2ccccc2)C3C(C=C(C)C)C3(C)(C),US-EPA_ECOTOX,Toxic
O=C1C(=C(O)CC(C1)CC(C)SCC)C(=NOCC)CCC,US-EPA_ECOTOX,Toxic
n1c(OP(OCC)(OCC)=S)cc(nc1C(C)C)C,US-EPA_ECOTOX,Toxic
O=S(=O)(NCCSP(OC(C)C)(OC(C)C)=S)c1ccccc1,US-EPA_ECOTOX,Toxic
O=P(OC)(OC)OC(C(Cl)(Cl)Br)Br,US-EPA_ECOTOX,Toxic
OC(C(=Cc1ccc(cc1Cl)Cl)n2ncnc2)C(C)(C)C,US-EPA_ECOTOX,Toxic
C1(C(C(C(C(C1Cl)Cl)Cl)Cl)Cl)Cl,US-EPA_ECOTOX,Toxic
OCCSCCCCCCCC,US-EPA_ECOTOX,Toxic
O=C1C(=C(C=NN1C(C)(C)C)SCc2ccc(cc2)C(C)(C)C)Cl,US-EPA_ECOTOX,Toxic
O=C(OCC)CSc1nc(nn1(C(=O)N(C)C))C(C)(C)C,US-EPA_ECOTOX,Toxic
O=C(OCC)CC(C(=O)OCC)SP(OC)(OC)=S,US-EPA_ECOTOX,Toxic
O=C2Oc1cc(ccc1N2CSP(OCC)(OCC)=S)Cl,US-EPA_ECOTOX,Toxic
O=C(O)c1cc(cc(N)c1Cl)Cl,US-EPA_ECOTOX,Toxic
c1cc(ccc1C(c2ccc(cc2)Cl)C(Cl)(Cl)Cl)Cl,US-EPA_ECOTOX,Toxic
O=C(NC)CSP(OC)(OC)=S,US-EPA_ECOTOX,Toxic
FC(F)(F)c3ccc(C=CC(=NN=C1NCC(C)(C)CN1)C=Cc2ccc(cc2)C(F)(F)F)cc3,US-EPA_ECOTOX,Toxic
O=P(SCCCC)(SCCCC)SCCCC,US-EPA_ECOTOX,Toxic
O=C(NC)N(c2nc1ccccc1s2)C,US-EPA_ECOTOX,Toxic
O=C(C(=C(OP(=O)(OC)OC)C)Cl)N(CC)CC,US-EPA_ECOTOX,Toxic
O=[N+]([O-])N=C(NC)NCC1COCC1,US-EPA_ECOTOX,Toxic
O=C1c2ccccc2(C(=O)N1CSP(OC)(OC)=S),US-EPA_ECOTOX,Toxic
Oc1nc(c(cc1Cl)Cl)Cl,US-EPA_ECOTOX,Toxic
O=[N+]([O-])c2ccc(OP(OCC)(c1ccccc1)=S)cc2,US-EPA_ECOTOX,Toxic
O=S1OCC2C(CO1)C3(C(=C(C2(C3(Cl)Cl)Cl)Cl)Cl)Cl,US-EPA_ECOTOX,Toxic
O=C3OC2CC(OC1(OC(CC)C(C)CC1)C2)CC=C(C)CC(C=CC=C4COC5C(O)C(=CC3C45(O))C)C,US-EPA_ECOTOX,Toxic
O=C(Nc1ccc(c(c1)Cl)Br)N(OC)C,US-EPA_ECOTOX,Toxic
O=C(ON=C(CSC)C(C)(C)C)NC,US-EPA_ECOTOX,Toxic
O=C(Oc1cc(c(c(c1)C)SC)C)NC,US-EPA_ECOTOX,Toxic
O=P(Oc1ccc(cc1Cl)Br)(OCC)SCCC,US-EPA_ECOTOX,Toxic
N#CC(OC(=O)C(Nc1ccc(cc1Cl)C(F)(F)F)C(C)C)c3cccc(Oc2ccccc2)c3,US-EPA_ECOTOX,Toxic
O=C(Nc1nc(OC)cc(n1)OC)NS(=O)(=O)c2ncccc2(C(=O)N(C)C),US-EPA_ECOTOX,Toxic
O=S(CC)CCSP(=O)(OC)OC,US-EPA_ECOTOX,Toxic
N#Cc1nn(c(N)c1S(=O)C(F)(F)F)c2c(cc(cc2Cl)C(F)(F)F)Cl,US-EPA_ECOTOX,Toxic
O1CC(OC12(CCC(CC2)C(C)(C)C))CN(CC)CCC,US-EPA_ECOTOX,Toxic
O=C(OC1C(=C(C(=O)C1)CC#C)C)C2C(C=C(C)C)C2(C)(C),US-EPA_ECOTOX,Toxic
O=C(OC)c1ccccc1S(=O)(=O)NC(=O)Nc2nc(nc(n2)NC)OCC,US-EPA_ECOTOX,Toxic
O=[N+]([O-])N=C1NCCN1Cc2cnc(cc2)Cl,US-EPA_ECOTOX,Toxic
O=C(c1c(nc(c(C(=O)SC)c1CC(C)C)C(F)(F)F)C(F)F)SC,US-EPA_ECOTOX,Toxic
O(CC)P(OCC)(=S)SCSP(OCC)(OCC)=S,US-EPA_ECOTOX,Toxic
O=S(=O)(N(c1ccccc1)SC(F)(Cl)Cl)N(C)C,US-EPA_ECOTOX,Toxic
O=C(OC(C)(C)C)c1ccc(cc1)CON=Cc3c(nn(c3(Oc2ccccc2))C)C,US-EPA_ECOTOX,Toxic
N#Cc2c(c1ccc(cc1)Cl)n(c(c2Br)C(F)(F)F)COCC,US-EPA_ECOTOX,Toxic
O=C(Oc1cccc(N=CN(C)C)c1)NC,US-EPA_ECOTOX,Toxic
O=C(O)CCCOc1ccc(cc1Cl)Cl,US-EPA_ECOTOX,Toxic
O=C(OCC)C(c1ccccc1)SP(OC)(OC)=S,US-EPA_ECOTOX,Toxic
Fc1ccc(cc1)C(O)(c2cncnc2)c3ccccc3Cl,US-EPA_ECOTOX,Toxic
O=C(OCc1c(F)c(F)c(c(F)c1(F))C)C2C(C=C(C(F)(F)F)Cl)C2(C)(C),US-EPA_ECOTOX,Toxic
O=C1N(CCS1)P(=O)(OCC)SC(C)CC,US-EPA_ECOTOX,Toxic
n1cn(nc1OP(OCC)(OCC)=S)c2ccccc2,US-EPA_ECOTOX,Toxic
O(CC)P(OCC)(OC(C(Cl)(Cl)Cl)Cl)=S,US-EPA_ECOTOX,Toxic
O=C1c2ccccc2(N=NN1CSP(OC)(OC)=S),US-EPA_ECOTOX,Toxic
O=C(Oc2cccc1c2(OC(C)(C)C1))N(C)SN(CCC(=O)OCC)C(C)C,US-EPA_ECOTOX,Toxic
O=C(OC)N(C(=O)N2N=C3c1ccc(cc1CC3(OC2)(C(=O)OC))Cl)c4ccc(OC(F)(F)F)cc4,US-EPA_ECOTOX,Toxic
O=C(N(c1c(cccc1CC)CC)COC)CCl,US-EPA_ECOTOX,Toxic
O(c1ccc(cc1)C(c2ccc(OC)cc2)C(Cl)(Cl)Cl)C,US-EPA_ECOTOX,Toxic
O=C(OC(C)C)NNc1cc(ccc1(OC))c2ccccc2,US-EPA_ECOTOX,Toxic
NC(c1c(cccc1Cl)Cl)=S,US-EPA_ECOTOX,Toxic
O=C(ON=C(C)SC)N(C)SN(C(=O)ON=C(C)SC)C,US-EPA_ECOTOX,Toxic
O=C(OC(C)C)Nc1ccccc1,US-EPA_ECOTOX,Toxic
N#CN=S(=O)(C)C(c1cnc(cc1)C(F)(F)F)C,US-EPA_ECOTOX,Toxic
O=C2Sc1nc3ccc(cc3(nc1S2))C,US-EPA_ECOTOX,Toxic
n1ccn(c1)CC(OCC=C)c2ccc(cc2Cl)Cl,US-EPA_ECOTOX,Toxic
O=C(ON=C(C(=O)N(C)C)SC)NC,US-EPA_ECOTOX,Toxic
n1cnc3ccccc3(c1OCCc2ccc(cc2)C(C)(C)C),US-EPA_ECOTOX,Toxic
O1C2C1C3CC2C4C3C5(C(=C(C4(C5(Cl)Cl)Cl)Cl)Cl)Cl,US-EPA_ECOTOX,Toxic
O=C(OC(C)C)c1ccccc1(OP(OCC)(NC(C)C)=S),US-EPA_ECOTOX,Toxic
O=[N+]([O-])c1cc(c(O)c(c1)C(C)CC)[N+](=O)[O-],US-EPA_ECOTOX,Toxic
O=C(OCN1C(=O)C2=C(C1(=O))CCCC2)C3C(C=C(C)C)C3(C)(C),US-EPA_ECOTOX,Toxic
O=C(Nc1ccc(OC)c(c1)Cl)N(C)C,US-EPA_ECOTOX,Toxic
O=C(Oc1cccc2OC(Oc12)(C)C)NC,OpenFoodTox,Toxic
O=C(Oc1nc(nc(c1C)C)N(C)C)N(C)C,OpenFoodTox,Toxic
O=P(OC)(OC)C(O)C(Cl)(Cl)Cl,OpenFoodTox,Toxic
O=[N+]([O-])c1cc(cc(c1N(CCC)CCC)[N+](=O)[O-])S(=O)(=O)N,OpenFoodTox,Toxic
O=C(NCc1ccc(cc1)C(C)(C)C)c2c(c(nn2C)CC)Cl,OpenFoodTox,Toxic
N#CC(OC(=O)C(c1ccc(cc1)Cl)C(C)C)c3cccc(Oc2ccccc2)c3,OpenFoodTox,Toxic
O=P(Oc1ccc(c(c1)C)SC)(OCC)NC(C)C,OpenFoodTox,Toxic
O=C(OCC)c1ccccc1S(=O)(=O)NC(=O)Nc2nc(OC)cc(n2)Cl,OpenFoodTox,Toxic
O(CC)P(OCC)(=S)SCSCC,OpenFoodTox,Toxic
n1c(OCC)cc(nc1CC)OP(OC)(OC)=S,OpenFoodTox,Toxic
FC(F)C(F)(F)OCC(c1ccc(cc1Cl)Cl)Cn2ncnc2,OpenFoodTox,Toxic
O=P(OC=C(Cl)Cl)(OC)OC,OpenFoodTox,Toxic
O=C(Oc1ccc(c(c1)C)N(C)C)NC,OpenFoodTox,Toxic
O=C(ON=CC(C)(C)SC)NC,OpenFoodTox,Toxic
O=CN(C(=O)CSP(OC)(OC)=S)C,OpenFoodTox,Toxic
O=S(OCC#C)OC2CCCCC2(Oc1ccc(cc1)C(C)(C)C),OpenFoodTox,Toxic
O=C(Oc1cccc2ccccc12)NC,OpenFoodTox,Toxic
O=P(OCC)(SC(C)CC)SC(C)CC,OpenFoodTox,Toxic
O=C(OCc2cccc(Oc1ccccc1)c2)C3C(C=C(Cl)Cl)C3(C)(C),OpenFoodTox,Toxic
n1c(nc(nc1NC(C)C)SC)NC(C)C,OpenFoodTox,Toxic
N#CC(OC(=O)C1C(C(C(Br)(Br)Br)Br)C1(C)(C))c3cccc(Oc2ccccc2)c3,OpenFoodTox,Toxic
O=C(Oc2cccc1c2(OC(C)(C)C1))NC,OpenFoodTox,Toxic
N#CN=C(N(C)Cc1cnc(cc1)Cl)C,OpenFoodTox,Toxic
O(c1ccccc1)c2cccc(c2)COCC(c3ccc(OCC)cc3)(C)C,OpenFoodTox,Toxic
O(c1ccc(c(c1)C)SC)P(OC)(OC)=S,OpenFoodTox,Toxic
FC(F)c4nn(cc4(C(O)=Nc1cccc2c1C3CCC2C3C(C)C))C,PPDB,Safe
FC(F)c4nn(cc4(C(O)=Nc1ccccc1C2CC2C3CC3))C,PPDB,Safe
Fc1cc(cc(F)c1(F))c3ccccc3(N=C(O)c2cn(nc2C(F)F)C),PPDB,Safe
N#CC(=CC2C(C(=O)OCc1c(F)c(F)c(c(F)c1(F))COC)C2(C)(C))C,PPDB,Toxic
N#CC(OC(=O)C1C(C=C(Br)Br)C1(C)(C))c3cccc(Oc2ccccc2)c3,PPDB,Toxic
N#CC(OC(=O)C1C(C=C(C(F)(F)F)Cl)C1(C)(C))c3cccc(Oc2ccccc2)c3,PPDB,Toxic
N#CC(OC(=O)C1C(C=C(Cl)Cl)C1(C)(C))c3ccc(F)c(Oc2ccccc2)c3,PPDB,Toxic
N#CC(OC(=O)C1C(C=C(Cl)Cl)C1(C)(C))c3cccc(Oc2ccccc2)c3,PPDB,Toxic
N#CC(OC(=O)C1C(C=CC(=O)OC(C(F)(F)F)C(F)(F)F)C1(C)(C))c3cccc(Oc2ccccc2)c3,PPDB,Toxic
O(CC)P(OCC)(=S)SCCSCC,PPDB,Toxic
O(CC)P(OCC)(=S)SCSC(C)(C)C,PPDB,Toxic
O=C(N(c1c(cccc1C)C)CCOC)CCl,PPDB,Safe
O=C(N(c1c(cccc1CC)C)C(C)COC)CCl,PPDB,Safe
O=C(N(c1c(cccc1CC)C)COCC)CCl,PPDB,Safe
O=C(NC(=O)c1c(F)cccc1(F))Nc2cc(c(F)c(c2(F))Cl)Cl,PPDB,Safe
O=C(NC(=O)c1c(F)cccc1(F))Nc2cc(c(OC(F)(F)C(F)C(F)(F)F)cc2Cl)Cl,PPDB,Safe
O=C(NC(=O)c1c(F)cccc1(F))Nc2ccc(OC(F)(F)C(F)OC(F)(F)F)c(c2)Cl,PPDB,Safe
O=C(NC(=O)c1c(F)cccc1(F))Nc2ccc(cc2)Cl,PPDB,Safe
O=C(NC(=O)c1c(F)cccc1(F))Nc3ccc(Oc2ccc(cc2Cl)C(F)(F)F)cc3(F),PPDB,Safe
O=C(NC(=O)c1ccccc1Cl)Nc2ccc(OC(F)(F)F)cc2,PPDB,Safe
O=C(NC(C#C)(C)C)c1cc(cc(c1)Cl)Cl,PPDB,Safe
O=C(NC)C(=NOC)c1ccccc1COc2cc(ccc2C)C,PPDB,Safe
O=C(NN(C(=O)c1cc(cc(c1)C)C)C(C)(C)C)c3ccc2OCCCc2c3C,PPDB,Safe
O=C(NN(C(=O)c1ccccc1)C(C)(C)C)c2ccc(cc2)Cl,PPDB,Safe
O=C(Nc1ccc(c(c1)Cl)Cl)CC,PPDB,Safe
O=C(Nc1ccc(c(c1)Cl)Cl)N(OC)C,PPDB,Safe
O=C(Nc1ccc(cc1)Cl)N(C)C,PPDB,Safe
O=C(Nc1cccc(c1)C(F)(F)F)N(C)C,PPDB,Safe
O=C(Nc1ccccc1)C2=C(OCCS2(=O)(=O))C,PPDB,Safe
O=C(Nc1ccccc1)NC2CCCCC2(C),PPDB,Safe
O=C(Nc1nc(OC)cc(n1)OC)NS(=O)(=O)c2ncccc2C(F)(F)F,PPDB,Safe
O=C(Nc1nc(nc(n1)C)OC)NS(=O)(=O)c2ccccc2CCC(F)(F)F,PPDB,Safe
O=C(Nc2ccc(Oc1ccc(cc1)Cl)cc2)N(C)C,PPDB,Toxic
O=C(O)C(Oc1ccc(cc1C)Cl)C,PPDB,Safe
O=C(O)COc1ccc(cc1C)Cl,PPDB,Safe
O=C(O)COc1nc(c(cc1Cl)Cl)Cl,PPDB,Safe
O=C(O)NC(C(O)=NC(c2nc1ccc(F)cc1s2)C)C(C)C,PPDB,Safe
O=C(O)c1c2ncc(cc2(ccc1Cl))Cl,PPDB,Safe
O=C(O)c1nc(cc(N)c1Cl)Cl,PPDB,Safe
O=C(O)c2cc(Oc1ccc(cc1Cl)C(F)(F)F)ccc2[N+](=O)[O-],PPDB,Safe
O=C(O)c2cc(cnc2(C1=NC(=O)C(N1)(C)C(C)C))C,PPDB,Safe
O=C(O)c2cc(cnc2(C1=NC(C(=O)N1)(C)C(C)C))CC,PPDB,Safe
O=C(OC(C)C)Nc1cccc(c1)Cl,PPDB,Toxic
O=C(OC(C)CCCCCC)COc1nc(F)c(c(N)c1Cl)Cl,PPDB,Safe
O=C(OC)C(=CC2C(C(=O)OC1C(=C(C(=O)C1)CC=CC)C)C2(C)(C))C,PPDB,Toxic
O=C(OC)C(=CC2C(C(=O)OC1C(=C(C(=O)C1)CC=CC=C)C)C2(C)(C))C,PPDB,Toxic
O=C(OC)C(=CC2C(C(=O)OC1C(=C(C(=O)C1)CC=CCC)C)C2(C)(C))C,PPDB,Toxic
O=C(OC)C(N(C(=O)Cc1ccccc1)c2c(cccc2C)C)C,PPDB,Safe
O=C(OC)C(Oc2ccc(Oc1ccc(cc1Cl)Cl)cc2)C,PPDB,Safe
O=C(OC)c1ccccc1S(=O)(=O)NC(=O)N(c2nc(nc(n2)C)OC)C,PPDB,Safe
O=C(OC)c1ccccc1S(=O)(=O)NC(=O)Nc2nc(OC(F)F)cc(n2)OC(F)F,PPDB,Safe
O=C(OC)c1ccccc1S(=O)(=O)NC(=O)Nc2nc(cc(n2)C)C,PPDB,Safe
O=C(OC)c2cc(Oc1ccc(cc1Cl)Cl)ccc2[N+](=O)[O-],PPDB,Safe
O=C(OC1C(=C(C(=O)C1)CC=C)C)C2C(C=C(C)C)C2(C)(C),PPDB,Toxic
O=C(OC1C(=C(C(=O)C1)CC=CC)C)C2C(C=C(C)C)C2(C)(C),PPDB,Toxic
O=C(OC1C(=C(C(=O)C1)CC=CC=C)C)C2C(C=C(C)C)C2(C)(C),PPDB,Toxic
O=C(OC1C(=C(C(=O)C1)CC=CCC)C)C2C(C=C(C)C)C2(C)(C),PPDB,Toxic
O=C(OCC(CC)CCCC)C(Oc1ccc(cc1Cl)Cl)C,PPDB,Safe
O=C(OCC)C(Oc3ccc(Oc1nc2ccc(cc2(nc1))Cl)cc3)C,PPDB,Safe
O=C(OCCON=C(C)C)C(Oc3ccc(Oc1nc2ccc(cc2(nc1))Cl)cc3)C,PPDB,Safe
O=C(OCc2cccc(Oc1ccccc1)c2)C3C(C=C(C)C)C3(C)(C),PPDB,Toxic
O=C(ON=C(C)SC)NC,PPDB,Toxic
O=C(Oc1cccc(c1)NC(=O)OCC)Nc2ccccc2,PPDB,Safe
O=C(Oc2cccc1c2(OC(C)(C)C1))N(C)SN(CCCC)CCCC,PPDB,Toxic
O=C1C(=C(C=NN1c2cccc(c2)C(F)(F)F)NC)Cl,PPDB,Safe
O=P(OCC)(SCCC)SCCC,PPDB,Toxic
O=S(=O)(Nc1c(F)cccc1(F))c2nc3nc(ccn3(n2))C,PPDB,Safe
O=[N+]([O-])c1cc(c(c(c1(NC(CC)CC))[N+](=O)[O-])C)C,PPDB,Safe
O=[N+]([O-])c1ccc(O)cc1,PPDB,Safe
O=[N+]([O-])c1ccc(OP(OC)(OC)=S)cc1,PPDB,Toxic
O=[N+]([O-])c1ccc(OP(OC)(OC)=S)cc1C,PPDB,Toxic
O=[N+]([O-])c1ccc(OP(OCC)(OCC)=S)cc1,PPDB,Toxic
OC(Cn1ncnc1)(CCc2ccc(cc2)Cl)C(C)(C)C,PPDB,Safe
OC(c1ccc(cc1)Cl)(Cn2ncnc2)C(C)C3CC3,PPDB,Safe
OC(c1cncnc1)(c2ccc(OC)cc2)C3CC3,PPDB,Safe
OC3(Cn1ncnc1)(C(Cc2ccc(cc2)Cl)CCC3(C(C)C)),PPDB,Safe
OC3(Cn1ncnc1)(C(Cc2ccc(cc2)Cl)CCC3(C)(C)),PPDB,Safe
n1c(OP(OC)(OC)=S)c(cc(c1Cl)Cl)Cl,PPDB,Toxic
n1c(OP(OCC)(OCC)=S)c(cc(c1Cl)Cl)Cl,PPDB,Toxic
n1c(nc(cc1C)C2CC2)Nc3ccccc3,PPDB,Safe
n1c(nc(nc1NC(C)C)Cl)NC(C)C,PPDB,Toxic
n1c(nc(nc1NC(C)C)Cl)NCC,PPDB,Safe
n1cnn(c1)CC2(OCC(C2)Br)(c3ccc(cc3Cl)Cl),PPDB,Safe
